mksantanu,aggrawal,mksantanuaggrawal@gmail.com,LONI
SRIKANT,KUMAR,srikantkumar@gmail.com,SHAMLI
morakhiaster,nair,morakhiasternair@live.com,MEERUT
sameer,malik,sameermalik@gmail.com,DELHI
piyubonds,nimiyar,piyubondsnimiyar@yahoo.com,MUMBAI
Deadskull_jpk,verma,Deadskull_jpkverma,KOLKATA
MN 5320 RSM10,sukhija,Rahulsukhija@gmail.com,SHIMLA
jitesh jain,suneja,jiteshjainsuneja@yahoo.com,NOIDA
raptorV,singhla,raptorVsinghla@live.com,MUZAFFARNAGAR
mailatul,guleriya,mailatulguleriya@yahoo.com,GURGAON
umesh_raj_ojha,narula,umesh_raj_ojhanarula@gmail.com,FARIDABAD
UTSAV,kher,UTSAVkher@yahoo.com,MURADABAD
SRIKANT,KUMAR,srikantkumar@gmail.com,NANITAL
Sarfraj Memon,sani,SarfrajMemonsani,ALMORA
pratik,nagpal,pratiknagpal@yahoo.com,KARNAL
vipinsir,ansari,vipinsiransari@gmail.com,KURUKSHETRA
nashe68,khandwal,nashe68khandwal@yahoo.com,PANIPAT
dbrane,shrotriya,dbraneshrotriya@live.com,SONIPAT
amitk10,chaudary,amitk10chaudary@gmail.com,CHANDIGARH
kunalmg,kanoujia,kunalmgkanoujia@yahoo.com,AMRITSAR
sandeepganni,jindal,sandeepgannijindal@gmail.com,LONI
rohanwagh,basin,rohanwaghbasin@live.com,SHAMLI
SRIKANT,KUMAR,srikantkumar@gmail.com,MEERUT
dilveer,gaur,dilveergaur@yahoo.com,DELHI
dr.suhail,aswal,dr.suhailaswal@live.com,MUMBAI
kapil,khulba,kapilkhulba@gmail.com,KOLKATA
ashugupta,ali,ashuguptaali@yahoo.com,SHIMLA
rtsbala,pelia,rtsbalapelia@live.com,NOIDA
r2_8002,Bist,r2_8002Bist@yahoo.com,MUZAFFARNAGAR
insiya singh,bajaj,insiyasinghbajaj@gmail.com,GURGAON
sumimran,jha,sumimranjha@yahoo.com,FARIDABAD
jtmapapatgmam,karmakar,jtmapapatgmamkarmakar@gmail.com,MURADABAD
SRIKANT,choubey,srikantkumar@gmail.com,NANITAL
shahtirthak,dhawan,shahtirthakdhawan@yahoo.com,ALMORA
amitmehra,dwivedi,amitmehradwivedi@yahoo.com,KARNAL
yuvraj,kushwaha,yuvrajkushwaha@live.com,KURUKSHETRA
mastan shaik,rehni,mastanshaik@gmail.com,PANIPAT
avithe1,goyal,avithe1goyal@live.com,SONIPAT
mudit_tyagi,ballav,mudit_tyagiballav@yahoo.com,CHANDIGARH
amitkv,kaushik,amitkvkaushik@gmail.com,AMRITSAR
bashok001,gusain,bashok001gusain@live.com,LONI
logonaniket,boni,logonaniketboni@live.com,SHAMLI
SRIKANT,KUMAR,srikantkumar@gmail.com,MEERUT
pvreddy,pandey,pvreddypandey@live.com,DELHI
prabhav,rajbhar,prabhavrajbhar@live.com,MUMBAI
Shashi,malhotra,Shashimalhotra@gmail.com,KOLKATA
afthab.ahammed.k,Sharma,afthab.ahammed.kSharma@gmail.com,SHIMLA
rahul,desai,rahuldesai@yahoo.com,NOIDA
manish,kumar,manishkumar@gmail.com,MUZAFFARNAGAR
zaxonatz,singh,zaxonatzsingh@yahoo.com,GURGAON
Gagan Inder,singh,GaganIndersingh@live.com,FARIDABAD
sriszone,chauhan,sriszonechauhan@gmail.com,MURADABAD
SRIKANT,KUMAR,srikantkumar@gmail.com,NANITAL
jpambrose,Khan,jpambroseKhan@yahoo.com,ALMORA
Calvin,chandna,Calvinchandna@gmail.com,KARNAL
sandeepd,singh,sandeepdsingh@yahoo.com,KURUKSHETRA
vichu,kumar,vichukumar@yahoo.com,PANIPAT
bhanu,Ul-haq,bhanuUl-haq@yahoo.com,SONIPAT
sanjeevgahlot,singh,sanjeevgahlotsingh@live.com,CHANDIGARH
ramkdkd,malhotra,ramkdkdmalhotra@live.com,AMRITSAR
viney,joshi,vineyjoshi@gmail.com,LONI
vinayku,deepsingh,vinaykudeepsingh@live.com,SHAMLI
SRIKANT,shukla,srikantkumar@gmail.com,MEERUT
sandeepdhawan5,singh,sandeepdhawan5singh@live.com,DELHI
nayyalee,Khan,nayyaleeKhan@live.com,MUMBAI
rjonair,sukumar,rjonairsukumar@yahoo.com,KOLKATA
cleetus_dsouza,bhardwaj,cleetus_dsouzabhardwaj@live.com,SHIMLA
vin82,singh,vin82singh@gmail.com,NOIDA
rocky320,Sharma,rocky320Sharma@yahoo.com,MUZAFFARNAGAR
mcader,karim,mcaderkarim@live.com,GURGAON
jigar8286,Sharma,jigar8286Sharma@yahoo.com,FARIDABAD
sankaranand,dubey,sankarananddubey@gmail.com,MURADABAD
SRIKANT,KUMAR,srikantkumar@gmail.com,NANITAL
sandeepdhawan5,bhati,sandeepdhawan5bhati@live.com,ALMORA
nayyalee,paswan,nayyaleepaswan@gmail.com,KARNAL
rjonair,kashyap,rjonairkashyap@yahoo.com,KURUKSHETRA
cleetus_dsouza,shrivastva,cleetus_dsouzashrivastva,PANIPAT
vin82,martin,vin82martin@yahoo.com,SONIPAT
rocky320,yadav,rocky320yadav@gmail.com,CHANDIGARH
mcader,soni,mcadersoni@yahoo.com,AMRITSAR
jigar8286,Khan,jigar8286Khan@yahoo.com,LONI
sankaranand,jaiswal,sankaranandjaiswal@live.com,SHAMLI
SRIKANT,KUMAR,srikantkumar@gmail.com,MEERUT
mithun4609,dureja,mithun4609dureja@gmail.com,DELHI
sheikdavud,mishra,sheikdavudmishra@yahoo.com,MUMBAI
alvinmuthiah,bhardwaj,alvinmuthiahbhardwaj@yahoo.com,KOLKATA
kanwar,karnatak,kanwarkarnatak@gmail.com,SHIMLA
r.james,zehra,r.jameszehra@yahoo.com,NOIDA
nitinthekool,purohit,nitinthekoolpurohit@live.com,MUZAFFARNAGAR
pal.samrat,chauhan,pal.samratchauhan@live.com,GURGAON
riteshsureja,gupta,riteshsurejagupta@gmail.com,FARIDABAD
rohitsaini1987,arora,rohitsaini1987arora@live.com,MURADABAD
SRIKANT,KUMAR,srikantkumar@gmail.com,NANITAL
siddhpura1,uniyal,siddhpura1uniyal@yahoo.com,ALMORA
raghavgoenka,solanki,raghavgoenkasolanki@gmail.com,KARNAL
ali_nanz,tiwari,ali_nanztiwari@yahoo.com,KURUKSHETRA
nithin1985,bhat,nithin1985bhat@live.com,PANIPAT
vasoolraja99,mittal,vasoolraja99mittal@yahoo.com,SONIPAT
arvinth1289,malhotra,arvinth1289malhotra@gmail.com,CHANDIGARH
raji17,malhotra,raji17malhotra@yahoo.com,AMRITSAR
puneet,Sharma,puneetSharma@yahoo.com,LONI
Madan koshti,desai,Madankoshtidesai@yahoo.com,SHAMLI
SRIKANT,KUMAR,srikantkumar@gmail.com,MEERUT
ribu78,singh,ribu78singh@yahoo.com,DELHI
ujjawal,singh,ujjawalsingh@yahoo.com,MUMBAI
santhosh,chauhan,santhoshchauhan@yahoo.com,KOLKATA
jaspreet123,Ahmed,jaspreet123Ahmed@gmail.com,SHIMLA
anandgirishbabu,Khan,anandgirishbabuKhan@yahoo.com,NOIDA
ragumech,chandna,ragumechchandna@yahoo.com,MUZAFFARNAGAR
kartz,singh,kartzsingh@gmail.com,GURGAON
tyggrv,kumar,tyggrvkumar@yahoo.com,FARIDABAD
puneet,Ul-haq,puneetUl-haq@gmail.com,MURADABAD
SRIKANT,KUMAR,srikantkumar@gmail.com,NANITAL
jaspreet123,malhotra,jaspreet123malhotra@gmail.com,ALMORA
anandgirishbabu,joshi,anandgirishbabujoshi@gmail.com,KARNAL
ragumech,deepsingh,ragumechdeepsingh@gmail.com,KURUKSHETRA
kartz,shukla,kartzshukla@gmail.com,PANIPAT
tyggrv,singh,tyggrvsingh@gmail.com,SONIPAT
rohit_jrg,Khan,rohit_jrgKhan@gmail.com,CHANDIGARH
jayendra.shinde,sukumar,jayendra.shindesukumar@gmail.com,AMRITSAR
Anoshak,bhardwaj,Anoshakbhardwaj@gmail.com,LONI
prathamesh_bhole,singh,prathamesh_bholesingh@gmail.com,SHAMLI
SRIKANT,KUMAR,srikantkumar@gmail.com,MEERUT